Name|City|PostalCode|Country|MaritalStatus|CarDriven
Oren Rios|Delmenhorst|345600|Australia|Common-Law|Ford
Acton Walsh|Clermont-Ferrand|73869|Brazil|Single|BMW
Dale Booth|Burntisland|08716|Bolivia|Common-Law|Peugeot
Damian Barron|Campbeltown|805608|Nigeria|Common-Law|Porsche
Damon Johnston|Kawartha Lakes|90127|Serbia|Single|BMW
Thane Roberson|Taunton|0871 IV|Ireland|Divorced|Renault
Martin Swanson|Frankenthal|11203|Monaco|Divorced|Volkswagen
Aristotle Lara|Chimay|832808|Panama|Married|Toyota
Aristotle James|Toulouse|3688|Macedonia|Single|Chevrolet
Joshua Hansen|Khuzdar|41204|India|Common-Law|Ford
Dylan Herman|Baisy-Thy|60168|Aruba|Divorced|Audi
Hammett Frederick|Chełm|13539|Iran|Single|Renault
Valentine Puckett|Cabrero|514949|Tuvalu|Married|BMW
Erasmus Clay|Biloxi|840288|Rwanda|Divorced|Mercedes-Benz
Dalton Park|Vialky|48362|Mali|Single|Renault
Gage Jefferson|Quinte West|707873|Saint Lucia|Divorced|Toyota
Slade Marsh|Melipeuco|7827|Vanuatu|Common-Law|Ford
Ryan Caldwell|Renaico|92690|Turks and Caicos Islands|Common-Law|Toyota
Josiah Valenzuela|Çaldıran|214756|Kuwait|Divorced|Toyota
Hasad Decker|Magdeburg|1391|South Africa|Married|Toyota
Connor Burns|Agra|565500|Israel|Common-Law|Chevrolet
Dexter Mendez|San Vito al Tagliamento|PT2 7CJ|Virgin Islands, British|Common-Law|Suzuki
Lawrence Glover|Multan|85-848|Tonga|Divorced|Volkswagen
Perry Mcleod|Pepingen|33525|Philippines|Single|Porsche
Keefe Gould|Negrete|33309|Montserrat|Divorced|Renault
David Callahan|Bowling Green|623692|Denmark|Married|Porsche
Dolan Reeves|Tilff|93943|Samoa|Single|Nissan
Kenneth Albert|Biarritz|209110|United States Minor Outlying Islands|Married|Fiat
Zeph Townsend|Annapolis|97191-88624|United Arab Emirates|Single|Chevrolet
Oscar Gentry|Rochester|805173|Hong Kong|Married|Kia Motors
Harlan Roach|Staraya Kupavna|531953|Hong Kong|Single|Suzuki
Steven Wiggins|Sint-Denijs|67547|Panama|Single|Porsche
Chancellor Keith|Tczew|23414|Hong Kong|Divorced|Ford
Lance Luna|Samarinda|393317|French Guiana|Single|General Motors
Zahir Burns|Yorkton|7596|Nigeria|Married|Kia Motors
Igor Finch|Móstoles|84234|Sao Tome and Principe|Single|Chevrolet
Blaze Fuentes|Yangsan|38-360|Brazil|Common-Law|Suzuki
Giacomo Chapman|Wardha|07854-930|Thailand|Common-Law|Peugeot
Brandon Fields|Onoz|08288-93426|Pitcairn Islands|Married|Nissan
Nicholas Leon|Cambiago|30204|Mauritius|Married|Mercedes-Benz
Dexter Tillman|Rollegem|2793|Sudan|Single|Audi
Damian Ford|Orangeville|30369|Cook Islands|Common-Law|Audi
Nigel Harper|Ham-sur-Heure-Nalinnes|G5 4BE|Namibia|Married|Mercedes-Benz
Oscar Bray|Córdoba|899323|Sint Maarten|Single|General Motors
Wyatt Livingston|Price|65182|Kenya|Divorced|Kia Motors
Uriel Griffin|Reading|18004|Japan|Married|Ford
Knox Johnson|White Rock|VT29 2EG|France|Divorced|Hyundai Motors
Hop Rosario|Zwijndrecht|159961|Portugal|Married|Toyota
Graham Steele|Loreto|70507|Uzbekistan|Single|Ford
Rajah Pickett|Braunschweig|448518|Andorra|Married|Porsche
Tyler Alford|Colwood|8842 TY|Tonga|Common-Law|Toyota
Ethan Gregory|Huntsville|J0A 2T6|Netherlands|Divorced|Suzuki
Nolan Meyers|Casper|585746|Poland|Single|Peugeot
Tobias Wise|Elektrougli|6841|Andorra|Common-Law|Audi
Driscoll Talley|Dumfries|855177|Burundi|Single|Fiat
Gareth Tran|Kenosha|44183|Slovakia|Married|Chevrolet
Holmes Small|Verrayes|E0E 9T3|Romania|Divorced|Chevrolet
Kaseem Valentine|Villafranca d'Asti|58926|Isle of Man|Common-Law|Peugeot
Abdul Osborne|Culiacán|06984|Suriname|Divorced|Volkswagen
Brody Ryan|Langley|05297|Poland|Married|Suzuki
Yardley Burris|Hannover|63660|Macedonia|Divorced|Honda
Kasimir Brown|Sarreguemines|0370|United Arab Emirates|Common-Law|Peugeot
Lucas Sykes|Teltow|35990|Benin|Married|Audi
Craig Young|Neunkirchen|45711|Cayman Islands|Married|Chevrolet
Marvin Mcpherson|Leduc|1822|Sint Maarten|Common-Law|Peugeot
Ryder Santos|Delitzsch|447631|Bermuda|Common-Law|Toyota
Cameron Downs|Hospet|5770|Mozambique|Married|Audi
Wade Osborne|Dendermonde|LI5T 8RA|Cape Verde|Common-Law|General Motors
William Lopez|Ludwigshafen|3789|Moldova|Married|BMW
Mannix Austin|Rockford|476181|Barbados|Married|General Motors
Lars Clayton|Emarèse|81019|Bonaire, Sint Eustatius and Saba|Divorced|Kia Motors
Thane Albert|Birmingham|20630-827|Serbia|Common-Law|Suzuki
Randall Chaney|Zwettl-Niederösterreich|665613|Argentina|Married|General Motors
Adrian Dickerson|Pierrefonds|7280|Bermuda|Divorced|Audi
Preston Gates|Rollegem|489447|Lebanon|Married|Hyundai Motors
Walker Dean|Bukittinggi|80288|Turkey|Divorced|Honda
Nash Cote|Acquedolci|30-175|Uzbekistan|Married|Porsche
Camden Owens|Duns|987996|Puerto Rico|Divorced|Toyota
Lucian Gaines|Zamora de Hidalgo|4537|Hungary|Single|Suzuki
Hashim Moody|Podolsk|23852|Liechtenstein|Common-Law|Hyundai Motors
Blaze Dennis|Portland|Z3795|Bosnia and Herzegovina|Divorced|Honda
Octavius Harrison|Ottawa-Carleton|20737|Madagascar|Common-Law|BMW
Elliott Noble|Lehri|97921-87631|Ukraine|Divorced|General Motors
Kelly Gray|Harbour Grace|9530|Belize|Married|Nissan
Blake Hamilton|Harnoncourt|77289|Fiji|Common-Law|Suzuki
Caesar Boyd|Gosselies|2541|Cayman Islands|Single|Porsche
Jasper Bowen|Zaanstad|910915|Mexico|Single|Volkswagen
Ishmael Cantrell|Kallo|986713|Tokelau|Divorced|Hyundai Motors
Tate King|Pointe-Claire|C4X 4E3|Pakistan|Single|Toyota
Sebastian Jefferson|Olympia|22153|Croatia|Divorced|Renault
Harlan Sutton|Saarbrücken|69318|Saint Vincent and The Grenadines|Divorced|Ford
Forrest Mathis|Osnabrück|39976|Åland Islands|Divorced|BMW
Jacob Valdez|Attock|44326|Japan|Single|BMW
Keefe Dejesus|Scorrano|21130-73901|Western Sahara|Single|Suzuki
Hop Evans|Heestert|338164|Poland|Married|General Motors
Rajah Gutierrez|Chilliwack|62250-57104|Fiji|Married|Chevrolet
Isaac Vaughn|Turriaco|Z0270|Sierra Leone|Single|Toyota
Scott Blake|Ilhéus|9200|Ireland|Common-Law|Chevrolet
Keefe Garcia|Athens|585543|Falkland Islands|Single|Chevrolet
Lamar Nunez|Norderstedt|520971|Gibraltar|Common-Law|Kia Motors