Colina|Sales and Marketing|Yahoo
Zeveneken|Customer Service|Google
CasoledElsa|Customer Service|Microsoft
Jonesboro|Human Resources|Macromedia
Hasselt|Tech Support|Lavasoft
Lasne|Public Relations|Adobe
Watford|Sales and Marketing|Macromedia
Little Rock|Research and Development|Lycos
Chiusa/Klausen|Public Relations|Microsoft
Barrie|Customer Relations|Altavista
Van|Customer Relations|Finale
Lamont|Payroll|Finale
Ucluelet|Payroll|Apple Systems
Ensenada|Research and Development|Microsoft
Bonnyville|Research and Development|Finale
Lembeek|Customer Relations|Lavasoft
Cranbrook|Customer Relations|Sibelius
Águas Lindas de Goiás|Legal Department|Finale
Langley|Asset Management|Altavista
Gaziantep|Media Relations|Yahoo
Alsemberg|Customer Service|Lavasoft
Wellington|Tech Support|Yahoo
Farciennes|Customer Relations|Google
Vernon|Legal Department|Yahoo
Ternate|Media Relations|Lycos
Duque de Caxias|Human Resources|Adobe
Shenkursk|Advertising|Microsoft
Waitakere|Accounting|Yahoo
Stranraer|Advertising|Microsoft
Berbroek|Asset Management|Borland
Rocourt|Advertising|Lycos
Anjou|Public Relations|Chami
Udaipur|Sales and Marketing|Sibelius
Abohar|Advertising|Microsoft
Cereté|Accounting|Borland
Kansas City|Sales and Marketing|Borland
Piovene Rocchette|Legal Department|Macromedia
Roksem|Public Relations|Macromedia
Godhra|Accounting|Cakewalk
Saint-Herblain|Customer Service|Lycos
Labuissire|Customer Relations|Altavista
Hillsboro|Asset Management|Adobe
Uikhoven|Legal Department|Lavasoft
Saint Andr�|Quality Assurance|Altavista
Uruapan|Payroll|Sibelius
Lanaken|Tech Support|Google
Monceau-sur-Sambre|Customer Service|Altavista
General Lagos|Research and Development|Chami
Damme|Payroll|Lycos
Hcine|Advertising|Apple Systems
Salisbury|Accounting|Sibelius
Faisalabad|Asset Management|Google
Orsara di Puglia|Research and Development|Cakewalk
Cimolais|Research and Development|Finale
Maizeret|Asset Management|Microsoft
Skovorodino|Advertising|Sibelius
Attert|Payroll|Adobe
Travo|Finances|Google
Mitú|Public Relations|Apple Systems
Huancayo|Customer Service|Sibelius
Acapulco|Customer Service|Finale
Côte Saint-Luc|Finances|Altavista
Sim|Human Resources|Macromedia
Paradise|Research and Development|Google
Draguignan|Asset Management|Cakewalk
Alajuelita|Tech Support|Yahoo
Killa Saifullah|Quality Assurance|Google
Annan|Asset Management|Apple Systems
Pont-ˆ-Celles|Tech Support|Finale
Makassar|Public Relations|Finale
Temse|Asset Management|Sibelius
Watson Lake|Customer Service|Altavista
Noginsk|Media Relations|Finale
Phoenix|Customer Service|Sibelius
Zwijnaarde|Advertising|Lycos
Sanzeno|Research and Development|Yahoo
Monticelli d'Ongina|Media Relations|Altavista
Malloa|Finances|Microsoft
Uikhoven|Tech Support|Yahoo
Wanneroo|Advertising|Lycos
Gerpinnes|Research and Development|Yahoo
Sanghar|Tech Support|Google
Dunfermline|Human Resources|Sibelius
Wanaka|Media Relations|Microsoft
Bulzi|Quality Assurance|Lavasoft
Boorsem|Accounting|Lavasoft
Fürth|Sales and Marketing|Finale
Middelkerke|Advertising|Cakewalk
Fontecchio|Research and Development|Macromedia
Plauen|Media Relations|Yahoo
Quintero|Public Relations|Chami
Kobbegem|Sales and Marketing|Yahoo
Sint-Joost-ten-Node|Customer Relations|Microsoft
Pitrufquén|Customer Service|Sibelius
Pickering|Quality Assurance|Cakewalk
Issime|Tech Support|Yahoo
Duffel|Accounting|Lavasoft
Cercemaggiore|Human Resources|Apple Systems
Curridabat|Advertising|Yahoo
Muzzafarabad|Human Resources|MicrosoftCity|Department|Company
Gbongan|Research and Development|Sibelius
Meißen|Sales and Marketing|Cakewalk
Stratford|Legal Department|Altavista
Weymouth|Research and Development|Microsoft
Spokane|Sales and Marketing|Cakewalk
Lebbeke|Customer Relations|Finale
Cheyenne|Asset Management|Yahoo
Lourdes|Legal Department|Lycos
Albi|Media Relations|Sibelius
Dehradun|Accounting|Finale
Sacramento|Advertising|Lycos
Bellante|Human Resources|Apple Systems
Segni|Research and Development|Adobe
Payakumbuh|Legal Department|Microsoft
Patos|Accounting|Yahoo
St. Thomas|Advertising|Adobe
Tiruvannamalai|Tech Support|Google
Burdinne|Tech Support|Adobe
Borås|Public Relations|Lavasoft
Moorsele|Customer Service|Lycos
Tarsia|Accounting|Altavista
Alençon|Human Resources|Apple Systems
Bhuj|Legal Department|Yahoo
Coatzacoalcos|Public Relations|Adobe
Rugby|Public Relations|Lycos
Goderich|Customer Relations|Microsoft
Rotorua|Accounting|Chami
Luckenwalde|Tech Support|Cakewalk
Melsele|Customer Service|Chami
Limena|Public Relations|Lycos
Monticelli d'Ongina|Asset Management|Adobe
Khanewal|Media Relations|Chami
Mannheim|Tech Support|Borland
Campagna|Media Relations|Cakewalk
Hatfield|Customer Relations|Cakewalk
Robechies|Finances|Macromedia
Cleveland|Finances|Adobe
Romeral|Public Relations|Macromedia
Tarnów|Research and Development|Cakewalk
Snellegem|Finances|Borland
Celle|Customer Service|Macromedia
Fort St. John|Sales and Marketing|Google
Okotoks|Tech Support|Microsoft
San Rafael|Payroll|Adobe
Cherepovets|Finances|Lavasoft
Hyderabad|Sales and Marketing|Finale
Ammanford|Tech Support|Finale
Sutton|Legal Department|Macromedia
Linkhout|Human Resources|Lycos
Cerreto di Spoleto|Human Resources|Borland
Los Patios|Accounting|Macromedia
Piedecuesta|Quality Assurance|Apple Systems
Ligosullo|Legal Department|Chami
Golspie|Sales and Marketing|Finale
Rechnitz|Research and Development|Microsoft
Dhanbad|Finances|Apple Systems
Grosseto|Public Relations|Borland
Quimbaya|Public Relations|Altavista
Sorradile|Finances|Google
Damme|Asset Management|Finale
Río Negro|Finances|Chami
Bischofshofen|Advertising|Google
Hualañé|Media Relations|Lycos
Robechies|Public Relations|Borland
Columbia|Quality Assurance|Macromedia
Stewart|Customer Relations|Chami
Wanaka|Public Relations|Lycos
Sant'Egidio alla Vibrata|Research and Development|Cakewalk
Hallein|Asset Management|Adobe
Beerse|Research and Development|Macromedia
Asha|Public Relations|Microsoft
Chantemelle|Quality Assurance|Yahoo
Montebelluna|Human Resources|Chami
Lakeland County|Sales and Marketing|Microsoft
Weesp|Customer Service|Adobe
Meerdonk|Human Resources|Adobe
Valcourt|Customer Service|Google
Caen|Legal Department|Cakewalk
Ránquil|Human Resources|Lavasoft
Padang Sidempuan|Asset Management|Chami
Jackson|Sales and Marketing|Borland
Dudley|Legal Department|Yahoo
Grumo Appula|Customer Relations|Adobe
Filey|Payroll|Apple Systems
Santa Cruz de Lorica|Media Relations|Finale
Rajkot|Quality Assurance|Google
Allahabad|Research and Development|Lycos
Caplan|Accounting|Google
Mülheim|Public Relations|Yahoo
Halkirk|Customer Service|Yahoo
Frankfurt am Main|Public Relations|Lycos
Montegranaro|Payroll|Macromedia
Hudson Bay|Asset Management|Lycos
Yerbas Buenas|Human Resources|Apple Systems
Tarnów|Asset Management|Finale
Aurora|Payroll|Chami
Gianico|Asset Management|Chami
Renlies|Human Resources|Altavista
Obertshausen|Sales and Marketing|Borland
Pogliano Milanese|Advertising|Yahoo